DICE Juja LVCT,DICE Juja LVCT
12 Engineers,12 Engineers
7KR Mrs,7KR Mrs Health Centre
AAR Adams,AAR Adams
AAR City,AAR City Centre Clinic
AAR Sarit Westlands,AAR Clinic Sarit Centre (Westlands)
AAR Donholm,AAR Donholm
AAR Health,AAR Health Care
AAR Ruaka,AAR Health Care Ruaka
AAR Buruburu,AAR Healthcare Buruburu
AAR Limited Karen,AAR Healthcare Limited (Karen)
AAR mountain mall,AAR mountain mall
AAR Parklands,AAR Parklands Medical Centre
AAR Thika Road,AAR Thika Road Clinic
AAR Williamson,AAR Williamson
Abandoned Child,Abandoned Child Care
Abby,Abby Medical Clinic
Abra,Abra Health Services
Abundant,Abundant Medical Centre
Access Afya,Access Afya Kenya Medical Clinic
Access Afya Kiambiu,Access Afya Kiambiu
Access Afya Viwandani,Access Afya Medical Centre Viwandani
Ace Africa k Wellness,Ace Africa (k) Wellness Centre
ACK Cura,ACK Cura Medical Clinic
ACK Kanunga,ACK Kanunga
Adonai,Adonai Medical Services
Adopta Life Foundation Ruai,Adopta Life Foundation (Ruai)
Adventist ForSupport Kilimani,Adventist Centre For Care and Support (Kilimani)
Aenue,Aenue Health Care
African Divine ChurchOrg.,African Divine Church-Org.
Afri Karen,Africare Ltd Karen Clinic
Afri TRM,Africare Ltd Medical- TRM
Afri NHIF,Africare Ltd NHIF clinic
Afya Bora Karia,Afya Bora Clinic (Karia)
Afya,Afya Healthcare
Afya House,Afya House
Afya Juja,Afya Juja Clinic
Afya Dagoretti,Afya Medical Clinic (Dagoretti)
Afya,Afya Medical Services
Afya Royal,Afya Royal Clinic
Afyastar,Afyastar Medical Clinic
Aga khan Greenspan,Aga khan Greenspan Medical Centre
Aga Khan,Aga Khan Health Services Bungoma Centre
Aga Khan,Aga Khan Hospital
Aga Khan Juja,Aga Khan Hospital (Juja)
Aga Khan Tmall,Aga Khan Hospital(T-mall)
Aga Khan Ruaka,Aga Khan Medical Clinic Ruaka
Aga Khan University Hosp Mother Child,Aga Khan University Hosp Mother & Child Clinic
Aga Khan University Buruburu,Aga Khan University Hospital (Buruburu)
Aga Khan University Capital,Aga Khan University Hospital (Capital Centre)
Aga Khan University Kikuyu,Aga Khan University Hospital (Kikuyu Medical Clinic)
Aga Khan University Kiambu,Aga Khan University Hospital Kiambu Clinic
Aga Khan University Njiru,Aga Khan University Hospital(Njiru)
Agakhan University Embakasi AUn,Agakhan University Clinic Embakasi (AUn)
Agakhan University Valley Arcade,Agakhan University Hospital Valley Arcade Clinic
Agha Khan,Agha Khan  Medical Centre
Agha Khan Eastleigh,Agha Khan clinic ( Eastleigh)
Agkan,Agkan medical clinic
AhadiMaternity,Ahadi Health and Maternity Services
Ahadi Maternity,Ahadi Maternity
AIC Kijabe Nairobi,AIC Kijabe Hospital Nairobi Medical Centre
AIC Zion,AIC Zion Medical clinic
AIDS Foundation Parklands,AIDS Health Care Foundation Parklands Clinic
Aimon,Aimon medical clinic
AJ,AJ clinic
Akshar Nursing,Akshar Nursing Home
Al Amin Nursing,Al Amin Nursing Home
AlGadhir,Al-Gadhir Clinic
Alesta,Alestacare Medical Centre
Ali Juja Hope,Ali Juja Hope Medical Centre
Alice Nursing,Alice Nursing Home
Alika,Alika Medical Clinic
Aliki,Aliki medical clinic
Alliance,Alliance Medical Centre
Alpha Links,Alpha Links Medical Clinic
Alpha Thigio,Alpha Medical Centre Thigio
Alphine Center,Alphine Health Care Center
Ama Africa Muslim Agency,Ama (Africa Muslim Agency) Clinic
Amalya,Amalya Medical Clinic
Amka Project,Amka Health Project
Amref,Amref Medical centre
Amurt,Amurt Health Centre
Andalus,Andalus Medical Centre
Angaza VCT,Angaza VCT
Angelic,Angelic Medical Centre
Anmer,Anmer Dispensary
Annunciation Catholic,Annunciation Catholic Dispensary
Aptc,Aptc Health Centre
ARARAT,ARARAT MEDICAL CLINIC
Arcade Ruiru,Arcade Medical Clinic (Ruiru)
Aren,Aren Medical Clinic
AriseK,Arise-K
Arrow Web,Arrow Web Clinic
Arrow Web MaternityNursing,Arrow Web Maternity and Nursing Home
Aski,Aski Medical Clinic
Aspe,Aspe Medical Clinic
Association of Physically Disabled of,Association of Physically Disabled of Kenya
Athi,Athi Dispensary
Avenue Garden City Mall,Avenue Health Care (Garden City Mall)
Avenue Embakasi,Avenue Health Care Embakasi
Avenue Buruburu,Avenue Healthcare Buruburu Clinic
Avenue,Avenue Hospital
Avenue House,Avenue House Medical Centre
Babadogo EDARP,Babadogo (EDARP)
Babadogo,Babadogo Health Centre
Babadogo,Babadogo Medical Health Centre
Backner Hope,Backner Hope Clinic
Bahai,Bahai Dispensary
Bahati,Bahati  Clinic
Bahati Community,Bahati Community
Bahati Health,Bahati Health Centre
Baldo Ippolita Catholic,Baldo Ippolita Catholic Health Centre
Bar Hostess Empowerment Support program,Bar Hostess Empowerment  Support program
Bar Hostess Empowerment Support Programme,Bar Hostess Empowerment and Support Program
Bar Hostess Empowerment Support Program VCT,Bar Hostess Empowerment and Support Programme
Baraka Nairobi,Bar Hostess Empowerment Support Program VCT
Bathi Faith ACK,Baraka Dispensary (Nairobi)
Belladonna Pharmacy village market,Bathi Faith (ACK) Medical Clinic
Benma,Belladonna Pharmacy village market
Beta Nursing,Benma Healthcare Centre
Bethel,Beta Care Nursing Home
Bethsaida Catholic,Bethsaida Catholic Dispensary
Bethsaida Gatundu,Bethsaida Medical Clinic Gatundu
Bethsaida Thika,Bethsaida Medical Clinic Thika
Better Living,Better Living Hospital
Bewa,Bewa Medical clinic
Beyond the Bridge Vision VCT,Beyond the Bridge Vision VCT
BHESP,BHESP
Biafra Lions,Biafra Lions Clinic
Biafra Medical,Biafra Medical Clinic
Bibirioni Dispensary,Bibirioni Dispensary
Bibirioni Health Centre,Bibirioni Health Centre
Bisunu,Bisunu Dispensary
Bituyu,Bituyu Dispensary
Blessed Louis Palazzolo,Blessed Louis Palazzolo Health Centre
Blessed Medi,Blessed Medicare Centre
Bliss GVS Kimilili,Bliss GVS Health Care Kimilili
Bliss Kibera,Bliss Health Care (Kibera)
Blissgvs Pipeline,Blissgvs Health Care(Pipeline)
Blue Haven,Blue Haven Medical Clinic
Blue House AHF,Blue House (AHF) Dispensary
Bodaki,Bodaki Medical Clinic
Bokoli Base,Bokoli Base Clinic
Bokoli Hospital,Bokoli Hospital
Bomas of,Bomas of Kenya Dispensary
Bomu Kibera,Bomu Medical Centre Kibera
Boore,Boore Clinic
Boskem,Boskem Medical Clinic
Bridging out patient,Bridging out patient clinic
BrightStar,BrightStar Medical Clinic
Bristal Park,Bristal Park Hospital
Bristol Park Utawala,Bristol Park Hospital Utawala
British American Tobacco,British American Tobacco Kenya Clinic
Brother andre,Brother andre Clinic
Bukembe,Bukembe Dispensary
Bukokholo,Bukokholo Dispensary
Bulondo,Bulondo Dispensary
Bumula,Bumula  Subcounty Hospital
Bungoma,Bungoma County Referral Hospital
Bungoma Beyond Zero Mobile,Bungoma Beyond Zero Mobile Unit
Bungoma Referral,Bungoma County Referral Hospital
Bungoma West,Bungoma West Medical Services
Bungoma District,Bungoma County Referral Hospital
Buruburu Friends,Buruburu Friends Clinic
Buruburu Medical,Buruburu Medical Clinic
Butieli,Butieli Dispensary
Butonge,Butonge Dispensary
By Faith Maiaihii PCEA Womens Guild,By Faith Mai-aihii (PCEA) Womens Guild Dispensary
C I D Headquaters,C I D Headquaters Clinic
Cana Family Life,Cana Family Life Clinic
Canaan Providers Nairobi,Canaan Health Providers (Nairobi)
Care Hospital,Care Hospital
Caremax,Caremax Health Services
Cargo Human,Cargo Human Care
Caritas community,Caritas community hospital
Caritas Mariah,Caritas Mariah
Carolina For Kibera VCT,Carolina For Kibera VCT
Caros,Caros Medical Centre
Catholic University,Catholic University Dispensary
Catmag,Catmag Medical Centre
Celipharm,Celipharm    medical clinic
Central Bank Staff,Central Bank Staff Clinic
Central Memorial,Central Memorial Hospital
CFW,CFW Clinic
CFW Kibagare,CFW Clinic Kibagare
Chaka,Chaka Medical Clinic
Chandaria,Chandaria Health Centre
Chania Obstetrics Gyno,Chania Obstetrics Gyno Clinic
Charity,Charity Medical Clinic
Charolyn Specialist,Charolyn Specialist Clinic
Chebon,Chebon Medical Clinic
Chebu,Chebu Healthcare Services LTD.
Chebukaka,Chebukaka Dispensary
Chebukutumi,Chebukutumi Dispensary
Chebukwabi,Chebukwabi Dispensary
Chemses,Chemses Dispensary
Chemwa Bridge,Chemwa Bridge Dispensary
Chemworemwo,Chemworemwo Dispensary
Chepkerer,Chepkerer Dispensary
Chepkube,Chepkube Dispensary
Cheptais Medical,Cheptais Medical Clinic
Cheptais,Cheptais Sub County Hospital
Chesikaki,Chesikaki Dispensary
Chesinende,Chesinende Dispensary
Child Family Wellness,Child & Family Wellness Clinic
Child Doctor,Child Doctor Kenya
Chonesus,Chonesus Clinic
Christian Aid,Christian Aid Dispensary
Chrizah,Chrizah Medical Clinic
Church Army,Church Army Medical Clinic
Chwele Friends,Chwele Friends Dispensary
Chwele Hospital,Chwele Sub District Hospital
Chwele,Chwele Sub District Hospital
Cianda,Cianda Dispensary
Cidi Kayole,Cidi Kayole Clinic
Cidi Mukuru,Cidi Mukuru Clinic
City Limited,City Health Limited
City Jacaranda SDA Church,City Jacaranda SDA Church Clinic
Clinitec,Clinitec Medical Services
Clinix,Clinix Health Care
CMIA Grace Children's,CMIA Grace Children's Centre Dispensary
Coffee Research Staff,Coffee Research Staff Dispensary
Columbia Africa,Columbia Africa Health Care Ltd
Comboni Sisters H Project VCT,Comboni Sisters H Project VCT
Communal Oriented Service International,Communal Oriented Service International Centre
community Evolution Network VCT,Community Evolution Network VCT
community Foundation,Community Health Foundation
Compassionate Hospital,Compassionate Hospital
Complete Care,Complete Care Health Services
Conerstone,Conerstone Clinic
Congo,Congo medical services
CONI,CONI Health Centre
Connections,Connections Medical Clinic
Consolata Shrine,Consolata Shrine Dispensary
Coptic Hospital,Coptic Hospital (Ngong Road)
Coptic Clinic,Coptic Medical Clinic
Corban,Corban Health care
Cordis Maria,Cordis Maria Dispensary
Corner Stone,Corner Stone
Cosmos,Cosmos  Medical Clinic
Cotolengo,Cotolengo Centre
Courtesy CBS,Courtesy CBS
Creadis HTC,Creadis HTC Centre
Creative Services,Creative Medical Services
Crescent Aid Jamia Murang'a Road,Crescent Medical Aid (Jamia) Murang'a Road
Crescent Aid Pangani,Crescent Medical Aid (Pangani)
Crestwood,Crestwood Medical Clinic
Cura,Cura Medical Clinic
Cure AIC International,Cure (AIC) International Hospital
Dabliu,Dabliu Clinic
Dadas VCT,Dadas VCT
Dagoretti Approved,Dagoretti Approved Dispensary
Dagoretti community,Dagoretti Community Dispensary
Dagoretti community VCT,Dagoretti Community VCT
Dan Pharmacy Kangemi,Dan Pharmacy Kangemi
Dandora EDARP,Dandora (EDARP) Clinic
Dandora,Dandora Health Services
Dandora I,Dandora I Health Centre
Dandora II,Dandora II Health Centre
Dandora Medical,Dandora Medical Centre
Darushif,Darushif Medical Clinic
Dawa Jema,Dawa Jema Medical Clinic
Debomart Systems,Debomart Healthcare Systems
Del Monte,Del Monte Dispensary
Delight,Delight Medical Centre
Delta Dandora,Delta Medical Clinic Dandora
Destiny Centre,Destiny Medical Centre
Destiny Clinic,Destiny Medical clinic
Devki Staff Ruiru,Devki Staff Clinic (Ruiru)
Diani,Diani Dispensary
Discordant Couples ofVCT,Discordant Couples of Kenya VCT
Divine Mercy Parish,Divine Mercy Parish Dispensary
Diwopa,Diwopa Health Centre
DOD MRS,DOD MRS Dispensary
Dog O PPolice,Dog Unit Dispensary (O P Kenya Police)
Domiciliary,Domiciliary Health Care Medical Clinic
Dork Nursing,Dorkcare Nursing Home
Dornaled communityMaternity,Dornaled Community Health centre and Maternity
Doulos Youth FriendlyVCT KCC,Doulos Youth Friendly And VCT (KCC)
Dr Alube's,Dr Alube's Clinic
Dr Aziz MOHamed,Dr Aziz MOHamed Medical Clinic
Dr Gachare,Dr Gachare Medical Clinic
Dr Irimu,Dr Irimu
Dr J F C Munene,Dr J F C Munene Clinic
Dr Karos,Dr Karos Medical Clinic
Dr Kimani Gicharo,Dr Kimani Gicharo Clinic
Dr Maina,Dr Maina
Dr Mohamed,Dr Mohamed Clinic
Dr Montet,Dr Montet Medical Clinic
Dr Muasya,Dr Muasya Medical Clinic
Dr Murila,Dr Murila Medical Clinic
Dr Oduori,Dr Oduori
Dr Opondo,Dr Opondo
Dr Sharma,Dr Sharma Medical Clinic
Dr Waris,Dr Waris
Dr Bashir,Dr. Bashir
Dr C K Jandu,Dr. C.K. Jandu
Dr Rachael Muthoni Rukaria,Dr. Rachael Muthoni Rukaria
DrCharles J R Opondo landmark plaza,Dr.Charles.J.R.Opondo (landmark plaza)
Dr F Mwendwa,Dr.F.Mwendwa
Dr Joy P Mpaata,Dr.Joy P.Mpaata
Dr Kimani Gicheu,Dr.Kimani Gicheu
Dreamland MC,Dreamland MC Health Centre
Dreamline,Dreamline Medical Clinic
Dreams Langata,Dreams Centre Dispensary (Langata)
Drugnet med,Drugnet med centre
Dsc Karen Armed Forces,Dsc Karen Dispensary (Armed Forces)
Dunton,Dunton Medical Clinic
Eagle Solution,Eagle Health Care Solution
Eagle,Eagle Health Clinic
Eagle Wings,Eagle Wings Medical Centre
Eastern Gate,Eastern Gate Medical Centre
Eastleigh,Eastleigh Health Centre
Easton Pharmaceutical Nairobi,Easton Pharmaceutical Ltd-Nairobi
Easton Pharmacy Langata,Easton Pharmacy Ltd-Langata
Easton Pharmacy Uchumi House,Easton Pharmacy Uchumi House
Ebenezer Intergrated Sevices,Ebenezer Intergrated Health Sevices
Ebenezer Lari,Ebenezer Medical Clinic (Lari)
Ebenezer Nursing,Ebenezer Nursing Home
EDARP Donholm,EDARP Donholm Clinic
EDARP Komarock,EDARP Komarock Health Centre
EDARP Soweto,EDARP Soweto Health Centre
Edcef,Edcef Care Health Services
Eddiana,Eddiana Hospital
Eden,Eden Dispensary
Edna Maternity,Edna Maternity
Ekitale,Ekitale Dispensary
Elgon View Cottage,Elgon View Medical Cottage
Elias,Elias Medical Clinic
Eliezeri,Eliezeri Medical Clinic
Elite Bungoma East,Elite Medical Clinic (Bungoma East)
Eltons Malibu Reinsurance,Eltons (Malibu) Reinsurance
Eltons Malibu Upper Hill,Eltons (Malibu) Upper Hill
Embakasi Ditrict,Embakasi Ditrict Medical Office
Embakasi Health,Embakasi Health Centre
Embakasi Medical,Embakasi Medical Centre
Emerging Infectious Disease Center,Emerging Infectious Disease Center
Emmah Medial,Emmah Medial Clinic
Emmanuel M/C VCT,Emmanuel M/C VCT Centre
Emmanuel Medical,Emmanuel Medical Centre
Emmanuel Bungoma East,Emmanuel Medical Clinic (Bungoma East)
Emmaus Nursing,Emmaus Nursing Home
Equity Afia Bururburu,Equity Afia Bururburu Clinic
Equity Afia Kawangware,Equity Afia Kawangware
Equity Afia Kayole,Equity Afia Kayole
Equity Afya Thika,Equity Afya Thika
Escarpment,Escarpment Dispensary
Euraka Center,Euraka Medical Center
Exodan,Exodan Medical Clinic
FairView,FairView Medical Centre
Faith Banana,Faith Medical Centre Banana
Family Health Options,Family  Health Options Kenya.
Family Access Medical,Family Access Medical Clinic
Family Care Clinic Kasarani,Family Care Clinic Kasarani
Family Care Medical CentreMaternity,Family Care Medical Centre & Maternity
Family Care Medical Centre Phoenix,Family Care Medical Centre (Phoenix)
Family Care Medical Clinic,Family Care Medical Clinic
Family Care Relief Organization Clinic,Family Care Relief Organization Clinic
Family Dental Care Ayany,Family Dental Care (Ayany)
Family Health Option of Kenya,Family Health Option of Kenya
Family Health Options Kenya Clinic,Family Health Options Kenya Clinic
Family Health Options Phoenix,Family Health Options Phoenix
Family Health Options Ribeiro,Family Health Options Ribeiro
Farmers choice welness,Farmers choice welness centre clinic
Fathers Maternity,Fathers Maternity and Health Services
Flack,Flack Clinic
Flame Tree Chemist,Flame Tree Chemist
Flavour,Flavour Medical Clinic
Flomed,Flomed Clinic
Flomed Med,Flomed Med Clinic
FocusCounselling,Focus Medical Clinic and Counselling Centre
Focus Outreach,Focus Outreach Clinic
Fofcom VCT,Fofcom VCT
Fountain Limited,Fountain Healthcare  Limited
Fremo,Fremo Medical Centre
Frepals community Nursing,Frepals Community Nursing Home
Future Age,Future Age Medical Services
Gachege,Gachege Dispensary
Gachika,Gachika Dispensary
Gachororo,Gachororo Health Centre
Gachui,Gachui Medical Centre
Gaimu,Gaimu Medical Clinic
Gakoe,Gakoe Health Centre
Garden Park,Garden Park Medical Centre
Garrison,Garrison Health Centre
Gatamaiyu Benjamin Wellness,Gatamaiyu Benjamin Wellness Centre
Gates of Hope family,Gates of Hope family healthcare
Gateway,Gateway Health Services
Gathanga,Gathanga Health Centre
Gathangari,Gathangari Dispensary
Gathiruini PCEA,Gathiruini (PCEA) Dispensary
Gatina ed,Gatina United Clinic
Gatuanyaga,Gatuanyaga Dispensary
Gatukuyu,Gatukuyu Medical Clinic
Gatundu,Gatundu District Hospital
Gatwekera B,Gatwekera B
Gatwikera Msf Belgium,Gatwikera (Msf Belgium) Medical Clinic
Gawa,Gawa Medical Clinic
Genessaret,Genessaret Clinic
Gertrude Komarock,Gertrude Komarock Clinic
Gertrudes Children's TRM,Gertrudes Children's hosp Clinic TRM
Gertrudes Childrens Hospital,Gertrudes Childrens Hospital
Gertrudes Childrens Hospital Junction mall,"Gertrudes Childrens Hospital,Junction mall Clinic"
Gertrudes Othaya Road Dispensary,Gertrudes Othaya Road Dispensary
Gertudes Hospital,Gertudes Hosptal
Getrude Children Hospital,Getrude Children Hospital
Getrude Donholm,Getrude Donholm Clinic
Getrude Embakasi,Getrude Embakasi Clinic
Getrudes Pangani,Getrudes Children Hospital Pangani
Getrudes Ruaka,Getrudes Children Hospital Ruaka
Getrudes Hospital Nairobi West,Getrudes Hospital (Nairobi West Clinic)
Getrudes Outreach Mathare,Getrudes Outreach Mathare
Gichago,Gichago Dispensary
Gicharani Catholic,Gicharani Catholic Dispensary
Gichuru Dispensary,Gichuru Dispensary
Gichuru Medical,Gichuru Medical Clinic
Gikambura,Gikambura Health Centre
Gilead Westlands,Gilead Westlands
Giovanna,Giovanna Dispensary
Gitare Gatundu,Gitare Health centre (Gatundu)
Githiga Health,Githiga Health Centre
Githiga Midways,Githiga Midways Clinic
Githiga Private Medical,Githiga Private Medical Clinic
Githima Dispensary,Githima Dispensary
Githima Health,Githima Health Clinic
Githima Medical,Githima Medical Clinic
Githirioni,Githirioni Dispensary
Githogoro Runda Baptist,Githogoro Runda Baptist Clinic
Githunguri Health,Githunguri Health Centre
Githunguri Health Ruiru,Githunguri Health Centre (Ruiru)
Githunguri Health Services,Githunguri Health Services Clinic
Githunguri Heathwatch,Githunguri Heathwatch Clinic
Githunguri Medical Plaza,Githunguri Medical Plaza Clinic
Githurai community,Githurai Community Clinic
Githurai Health Care Medical,Githurai Health Care Medical Clinic
Githurai LVCT,Githurai LVCT
Githurai Medical,Githurai Medical dispensary
Gitiha,Gitiha Dispensary
Gitithia,Gitithia Dispensary
Gituamba community,Gituamba Community Dispensary
Gituamba Mathore,Gituamba Mathore Dispensary
Gituamba Medical,Gituamba Medical Clinic
Gitwe,Gitwe Medical Clinic
GK Prison Bungoma,GK Prison Dispensary ( Bungoma)
GK Prison Ruiru,GK Prison Dispensary (Ruiru)
GK Prison Thika,GK Prison Dispensary (Thika)
GK Prisons Kiambu East,GK Prisons Dispensary (Kiambu East)
Glory Health,Glory Health Clinic
Glory Medical,Glory Medical Clinic
Glovnet VCT,Glovnet VCT
Good Health Medical,Good Health Medical Clinic
Good Neighbours,Good Neighbours Medical Clinic
Good Samaritan Dispensary,Good Samaritan Dispensary
Good Samaritan Medical Clinic,Good Samaritan Medical Clinic
Good Shepherd,Good Samaritan Medical Clinic
Grace Banana,Good Shepherd Dispensary
Grace Medical Care,Grace Home Clinic Banana
Grafrodei,Grace Medical Care Centre
Grawin,Grafrodei Medical Clinic
Green Cross,Grawin Medical Clinic
Green Gate,Green Cross Clinic
Gsu,Green Gate Medical Centre
GSU Ruiru,Gsu Dispensary
Gsu Hq Ruaraka,GSU Dispensary (Ruiru)
Gsu Training School,Gsu Hq Dispensary (Ruaraka)
Gtz,Gsu Training School
Guardian,Gtz Dispensary
Guru Nanak,Guardian Medical Services
Gynapaed,Guru Nanak Hospital
Hakati,Gynapaed Dispensary
Ham,Hakati Medical Clinic
Hamundia,Ham Medical Clinic
Hamza,Hamundia Health Centre
Hayat,Hamza Medical Clinic
Health Aid Chemist,Hayat Medical Clinic
HealthAid Kunda Street,Health Aid Chemist
Healthways,HealthAid Kunda Street
Helmon,Healthways Medical Centre
Heri Wema Ruai,Helmon Clinical Services
Heritage,Heri Wema Health Centre (Ruai)
Heshima,Heritage Medical Clinic
Highway Diagnostic,Heshima Medical Clinic
Highway Bungoma East,Highway Diagnostic Clinic
Holy Cross,Highway Medical Clinic (Bungoma East)
Holy Family Catholic,Holy Cross Dispensary
Holy Rosary Ikinu,Holy Family Catholic Mission
Hono,Holy Rosary Ikinu Dispensary
HopeHealth Medical,Hono Clinic
Hope community VCT,Hope and Health Medical clinic
Hope Med C,Hope Community VCT
Hope Medical,Hope Med C
Hope Gatundu South,Hope Medical Clinic
Hope Thika,Hope Medical Clinic (Gatundu South)
Hope World Wide Mukuru,Hope Medical Clinic (Thika)
Hope World Wide Mukuru,Hope World Wide Kenya Mukuru Clinic
Hope WorldwideVCT Makadara,Hope Worldwide Kenya VCT (Makadara)
Hopkins,Hopkins Medical Clinic
HOYMASVCT,HOYMAS-VCT
Huduma Bungoma,Huduma Centre Bungoma
Huduma,Huduma Health Centre
Hunters,Hunters Medical Clinic
Hurlingham Children's,Hurlingham Children's Clinic
Huruma EDARP,Huruma (EDARP)
Huruma Ncck,Huruma (Ncck) Dispensary
Huruma Lions,Huruma Lions Dispensary
Huruma Maternity,Huruma Maternity Hospital
Huruma Gatundu,Huruma Medical Clinic (Gatundu)
Huruma NursingMaternity,Huruma Nursing Home and Maternity
Huruma St Judes,Huruma St Judes
Huruma St Judes,Huruma St Judes Medical Centre
I Choose Life Africa,I Choose Life Africa
I Choose Life Africa,I Choose Life Africa
Iagaads Coffee Estate,Iagaads Coffee Estate Dispensary
Ideal Hope,Ideal Hope Medical Clinic
Ideal,Ideal Medical Clinic
Idf Mathare,Idf Mathare Dispensary
Igegania,Igegania Sub-District Hospital
Imani,Imani Medical Centre
Imani Gachie,Imani Medical Centre Gachie
Imani Kiambu West,Imani Medical Clinic (Kiambu West)
Imani Kiambu West,Imani Medical Clinic (Kiambu West)
Imani Ruiru,Imani Medical Clinic (Ruiru)
Imara Health Centre,Imara Health Centre
Imara Medical,Imara Medical Clinic
Imarah Health Ltd,Imarah Health LTD
Immaculate Heart Kereita,Immaculate Heart Hospital Kereita
Immaculate Heart of Mary,Immaculate Heart of Mary Hospital
Immanuel,Immanuel Medical Clinic
Imperial,Imperial Clinic
Index,Index Medical centre
Inkamed Pharmaceutical Aga Khan Walk,Inkamed Pharmaceutical Ltd-Aga Khan Walk
Institute for DevelopmentWelfare,Institute for Development and Welfare Services
IOM Wellness,IOM Wellness Clinic
Iran,Iran Medical Clinic
Ishtar MSM,Ishtar MSM
Itotia,Itotia Medical Clinic
Ituramiro,Ituramiro Medical Clinic
Jacaranda Limited Ruiru,Jacaranda Health Limited (Ruiru)
Jacaranda Maternity KIamumbi,Jacaranda Maternity (KIamumbi)
Jacaranda Special School,Jacaranda Special School
Jaggery,Jaggery Medical Clinic
Jahmii,Jahmii Medical Hospital
Jalaram,Jalaram Medical Services
Jamaa Mission,Jamaa Mission Hospital
Jamii Medical Mukuru,Jamii  Medical Clinic Mukuru
Jamii Westlands,Jamii Clinic (Westlands)
Jamii Medical,Jamii Medical Clinic
Jamii Yadah,Jamii Yadah Medical Centre
Jeffrey,Jeffrey Medical Centre
Jeikei,Jeikei Medical Clinic
Jellin,Jellin Medical Clinic
Jerapha Maternity,Jerapha Maternity
Jericho,Jericho Health Centre
Jerusalem,Jerusalem Clinic
Jesse Kay Children's,Jesse Kay Children's Hospital
Jewan,Jewan health services
Jeytee,Jeytee
Jinnah Ave,Jinnah Ave Clinic
Jkia,Jkia Health Centre
Jkuat,Jkuat Hospital
Johanna JustinJinich community Kibera,Johanna Justin-Jinich Community Clinic (Kibera)
Jonalifa,Jonalifa Clinic
Jordan Baptist,Jordan Baptist Medical Clinic
Jordan Ruiru,Jordan Medical Clinic (Ruiru)
Josiah community,Josiah Community Medical Centre
Josma Kasarani,Josma Medical Clinic (Kasarani)
Josmed,Josmed Clinic
Jotram,Jotram Medical Centre
Jowama,Jowama Medical Clinic
Joy Kikuyu,Joy Medical Clinic (Kikuyu Sub-County)
Joy NursingMaternity,Joy Nursing Home and Maternity
Joy Town,Joy Town Clinic
Joyland F Tassia,Joyland F Clinic Tassia
Joyland,Joyland Medical Clinic
Joysafe,Joysafe Medical Centre
Joytown secondary school,Joytown secondary school
Joytown Special School,Joytown Special School
Jubilee,Jubilee Medical Clinic
Juhudi,Juhudi Clinic
Juja Farm,Juja Farm Health Centre
Juja ModernMaternity,Juja Modern Hospital & Maternity
Juja Road,Juja Road Hospital
Just Limited,Just Medical Limited
Kabete Approved School,Kabete Approved School Dispensary
Kabete Barracks,Kabete Barracks Dispensary
Kabete Gardens,Kabete Gardens Hospital
Kabiro,Kabiro Medical Clinic
Kaborom,Kaborom Dispensary
Kaboywo,Kaboywo Dispensary
Kabuchai,Kabuchai Health Centre
Kabula,Kabula Health Centre
Kacopro VCT,Kacopro VCT
Kagaa,Kagaa Health Centre
Kagwe Catholic Dispensary,Kagwe Catholic Dispensary
Kagwe Dispensary,Kagwe Dispensary
Kagwe Health Centre,Kagwe Health Centre
Kagwe Health Services,Kagwe Health Services Clinic
Kahawa Garrison,Kahawa Garrison Health Centre
Kahawa Wendani,Kahawa Wendani Hospital
Kahawa West,Kahawa West Health Centre
Kahuho community,Kahuho Community Dispensary
Kahuho Private,Kahuho Private Dispensary
Kairi,Kairi Medical Clinic
Kakimanyi,Kakimanyi Dispensary
Kalimoni Ruiru,Kalimoni Hospital (Ruiru)
Kalimoni Juja,Kalimoni Mission Hospital (Juja)
Kaloleni Dispensary,Kaloleni Dispensary
Kaloleni Health,Kaloleni Health Services
kam pharmacy harambee avenue,kam pharmacy harambee avenue
KAM Pharmacy IPS Building Kimathi Street,KAM Pharmacy IPS Building Kimathi Street
KAM Pharmacy Westlands,KAM Pharmacy Westlands
Kamae Forest,Kamae Forest Dispensary
Kamae Medical,Kamae Medical Clinic
Kamahindu AIC,Kamahindu (AIC) Medical Centre
kamasielo,kamasielo dispensary
kambini,kambini dispensary
Kambui PCEA,Kambui (PCEA) Dispensary
Kamburu PCEA,Kamburu (PCEA) Dispensary
Kamburu,Kamburu Dispensary
Kamenjo,Kamenjo Dispensary
Kamirithu,Kamirithu Medical Clinic
Kamiti Prison,Kamiti Prison Hospital
Kamuchege,Kamuchege Dispensary
Kamukuywa ACK,Kamukuywa (ACK) Dispensary
Kamukuywa,Kamukuywa Dispensary
Kamuneru,Kamuneru Dispensary
kamunyaka,kamunyaka dispensary
Kamusinde,Kamusinde Dispensary
Kamwangi,Kamwangi Health Services
Kamwitha,Kamwitha Medical Clinic
Kanduyi CWSK,Kanduyi Health Centre-CWSK
Kanganga,Kanganga Dispensary
Kangari,Kangari Medical Clinic
Kangemi,Kangemi Health Centre
Kanyoni community,Kanyoni Community Dispensary
Kapkateny,Kapkateny Dispensary
Kapkota,Kapkota Dispensary
Kapsambu,Kapsambu Dispensary
Kaptalelio,Kaptalelio Dispensary
Kaptama Friends,Kaptama (Friends) Health Centre
Kaptanai,Kaptanai Dispensary
Kapu,Kapu Medical Clinic
Karanja community,Karanja Community Clinic
Karanjee Nursing,Karanjee Nursing Services
Karatina Model,Karatina Model Health Centre
Karatu,Karatu Health Centre
Karen Health,Karen Health Centre
Karen Roses,Karen Roses Medical Clinic
Karen Technical Training Institute Deaf,Karen Technical Training Institute for the Deaf Dispensary
Kari Health Centre,Kari Health Clinic
Kari Health Clinic,KARI Health Clinic
Karia,Karia Health Centre
Karibaribi,Karibaribi Dispensary
Karima,Karima  Dispensary
Karinga,Karinga Mission
Kariobangi Catholic,Kariobangi Catholic Dispensary
Kariobangi EDARP,Kariobangi EDARP
Kariobangi Health,Kariobangi Health Centre
Kariobangi South,Kariobangi South Clinic
Kariokor,Kariokor Clinic
Karirana,Karirana Dispensary
Karirana Estate Limited,Karirana Estate Limited Medical Clinic
Karirana MCH/FP,Karirana MCH/FP Clinic
Karma,Karma Dispensary
Karomo,Karomo Medical Clinic
Karura SDA,Karura (SDA) Dispensary
Karura Kiambu Rd,Karura Health Centre (Kiambu Rd)
Karure,Karure Medical Clinic
Karuri,Karuri Sub District Hospital
Kasarani Claycity Medical,Kasarani Claycity Medical Centre
Kasarani Health,Kasarani Health Centre
Kasarani Maternity,Kasarani Maternity
Kasphat,Kasphat Dispensary
Katethya,Katethya Medical Clinic
Kayaya,Kayaya Dispensary
Kayole,Kayole Hospital
Kayole I,Kayole I Health Centre
Kayole II,Kayole II Sub-District Hospital
Kefri,Kefri Clinic
Kema,Kema Medical Clinic
Kemi,Kemi
Kemri Cdc,Kemri -Cdc
Kemri VCT,Kemri VCT
Kemri Mimosa,Kemri-Mimosa
Kemsa Staff,Kemsa Staff Clinic
Kencom VCT,Kencom VCT
Kendric,Kendric Clinic
Kenwa,Kenwa
Kenwa Kiandutu,Kenwa Kiandutu
Kenwa VCT,Kenwa VCT
Kenya AID Vaccine Initiative Kavi,Kenya AID Vaccine Initiative (Kavi)
Kenya Airport Employees Association VCT,Kenya Airport Employees Association VCT
Kenya Airways medical,Kenya Airwaysmedical Centre
Kenya Education Staff Institute VCT Westlands,Kenya Education Staff Institute V C T (Westlands)
Kenya Institute of Special Education,Kenya Institute of Special Education
Kenya Institute of Special Education Kasarani,Kenya Institute of Special Education (Kasarani)
Kenya Nut Company,Kenya Nut Company Dispensary
Kenya Nut Company Ltd Nando,Kenya Nut Company Ltd - Nando  Clinic
Kenya Pipeline Staff,Kenya Pipeline Staff Clinic
Kenya Police Staff College Loresho,Kenya Police Staff College Clinic(Loresho)
Kenya Utalii,Kenya Utalii Dispensary
Kenya WindowsOphan's Support Programme,Kenya Windows & Ophan's Support Programme
Kenyatta National,Kenyatta National Hospital
Kenyatta Road Medical,Kenyatta Road Medical Centre
Kenyatta University,Kenyatta University Dispensary
Kereita,Kereita Health Centre
Kernan,Kernan Medical Clinic
Kerwa Catholic,Kerwa Catholic Health Centre
Khachonge Medical,Khachonge Dispensary
Khalaba Dispensary,Khalaba Medical Services
Khalala,Khalala Dispensary
Khalumuli,Khalumuli Dispensary
khamulati,khamulati medical centre
Khaoya,Khaoya Dispensary
Khasoko,Khasoko Health Centre
Khilna,Khilna Medical Clinic
Khulwanda,Khulwanda Dispensary
Kiahuria,Kiahuria Medical Clinic
Kiaibabu,Kiaibabu Dispensary
Kiambaa Medical,Kiambaa Medical Clinic
Kiambu Beyond Zero Mobile Clinic,Kiambu County Beyond Zero Mobile Clinic
Kiambu Referral Hospital,Kiambu County Referal Hospital
Kiambu Institute of ScienceTechnology,Kiambu Institute of Science and Technology Dispensary
Kiambu Medical,Kiambu Medical Centre
Kiambu Plains,Kiambu Plains Medical Clinic
Kianda 42 Community,Kianda 42 Community Clinic
Kiandutu,Kiandutu Health Centre
Kiaora Farm,Kiaora Farm Dispensary
Kibabii Health,Kibabii Health Centre
Kibabii University,Kibabii University Medical Clinic
Kibera SDA VCT,Kibera (SDA) VCT
Kibera Chemi Chemi Ya Uzima,Kibera Chemi Chemi Ya Uzima Clinic
Kibera community Amref,Kibera Community Health Centre -Amref
Kibera D O Dispensary,Kibera D O Dispensary
Kibera Human Development Project,Kibera Human Development Project Clinic
Kibera South,Kibera South Health Centre
Kibera Ubuntu Afya,Kibera Ubuntu Afya Medical Centre
Kibingei,Kibingei Dispensary
Kibisi,Kibisi Dispensary
Kiboko farm,Kiboko farm Clinic
Kibubuti,Kibubuti Dispensary
Kibuke,Kibuke Dispensary
Kie Kapc,Kie/Kapc
Kieni Gatundu,Kieni Dispensary (Gatundu)
Kiganjo Dispensary,Kiganjo Dispensary
kiganjo Medical,kiganjo medical clinic
Kigongo Dispensary,Kigongo Medical Clinic
Kigumo Kiambu East,Kigumo Health Centre (Kiambu East)
Kihara,Kihara Sub-County  Hospital
Kijabe AIC,Kijabe (AIC) Hospital
Kijabe AIC Marira,Kijabe (AIC) Hospital Marira Medical Clinic
Kikinga,Kikinga Medical Clinic
Kikoshep K VCT,Kikoshep K VCT
KikoshepMugumoini,Kikoshep Kenya (Mugumoini)
Kikuyu PCEA,Kikuyu (PCEA) Hospital
Kikuyu Public Office,Kikuyu Sub- County Public Health Office
Kilele Specialists,Kilele Medical Specialists Centre
Kileleshwa Plaza,Kileleshwa Medical Plaza
Kimaeti,Kimaeti Health centre
Kimalewa,Kimalewa Health Centre
Kimathi,Kimathi Dispensary
Kimbo,Kimbo Healthcare Centre
Kimende Orthodox,Kimende Orthodox Mission Health Centre
Kimende OrthodoxMaternity,Kimende Orthodox Mission Health Centre and Maternity
Kimilili,Kimilili Subcounty  Hospital
Kimlea,Kimlea Medical Clinic
Kimunyu PCEA,Kimunyu (PCEA) Dispensary
Kimunyu,Kimunyu Medical Clinic
Kinale Forest,Kinale Forest Dispensary
Kings Cross,Kings Cross Medical Clinic
Kinoo,Kinoo Dispensary
Kipawa,Kipawa Medical Centre
Kipsigon FGC,Kipsigon (FGC) Health Centre
Kirathimo,Kirathimo Medical Clinic
Kireita,Kireita Mission Dispensary
Kiriita Forest,Kiriita Forest Dispensary
Kiriri,Kiriri Dispensary
Kisembo,Kisembo Dispensary
Kitabisi,Kitabisi Dispensary
Kituni,Kituni Dispensary
Kivuli,Kivuli Dispensary
Kmtc,Kmtc Dispensary
Kolani Dispensaty,Kolani Dispensaty
Komarock Medical,Komarock Medical Clinic
Komarock Modern Utawala,Komarock Modern Hospital Utawala
Komarock Modern Medical,Komarock Modern Medical Care
Kongoli,Kongoli Dispensary
Kopsiro Model,Kopsiro Model Health Centre
Korogocho,Korogocho Health Centre
Korosiandet,Korosiandet Dispensary
Korry Family,Korry Family Hospital
Kory Family Kimilili,Kory Family Hospital - Kimilili
Koshok,Koshok Dispensary
Kosovo B,Kosovo B
Kubura,Kubura Dispensary
Kwa Maiko,Kwa Maiko Medical
Kwihota,Kwihota Medical Clinic
Lad Nan,Lad Nan Hospital
Lady Northey,Lady Northey Dispensary
Lagos Road,Lagos Road Dispensary
Landmawe,Landmawe Medical Services
Langata Comprehensive Medical,Lang'ata Comprehensive Medical Service
Langata Health,Lang'ata Health Centre
Langata Hospital,Langata Hospital
Langata Women Prison Dispensary,Langata Women Prison Dispensary
Lankia Nursing,Lankia Nursing Home
Lari Level 4,Lari Level 4 Hospital
Lea Toto,Lea Toto
Lea Toto Westlands,Lea Toto Clinic (Westlands)
Lea Toto Kariobangi South,Lea Toto Clinic Kariobangi South
Lea Toto community Mukuru Rueben,Lea Toto Community Mukuru Rueben
Lea Toto Dagoretti,Lea Toto Dagoretti
Lea Toto Kawagware,Lea Toto Kawagware
Lea Toto Kibera,Lea Toto Kibera
Lea Toto VCT Zimmerman,Lea Toto VCT (Zimmerman)
Lengo,Lengo Medical Clinic
Lianas,Lianas Clinic Health Centre
Liberty,Liberty Medical Clinic
Life Ministry,Life Care Ministry Clinic
Lifespan,Lifespan Medical Clinic
Lifters community,Lifters Community Medical Clinic
Limuru cottage,Limuru cottage hospital
Limuru,Limuru Health Centre
Limuru Health,Limuru Health Centre
Limuru Medical,Limuru Medical Clinic
Limuru Nursing Home,Limuru Nursing Home
Limuru Sasa Centre,Limuru Sasa Centre (Limuru)
Lina,Lina Medical Services
Lindi community,Lindi Community Clinic
Lions Sightfirst Eye,Lions Sightfirst Eye Hospital
Lithi,Lithi Clinic
Liverpool VCT,Liverpool VCT
LiveWell Kayole,LiveWell Medical Clinic Kayole
Liz,Liz Medical Clinic
Local Aid,Local Aid
Loco,Loco Dispensary
Loreigns Kasarani,Loreigns Medical Services (Kasarani)
Lower Kabete Kabete,Lower Kabete Dispensary (Kabete)
Loyal,Loyal Care Medical Centre
Lugulu Friends,Lugulu Friends Mission Hospital
Lugulu,Lugulu Friends Mission Hospital
Lugulu Mission,Lugulu Friends Mission Hospital
Lukhokhwe,Lukhokhwe Dispensary
Lukhome Dispensary,Lukhome Dispensary (Bungoma Central)
Lukhuna,Lukhuna Dispensary
Lukusi,Lukusi Dispensary
Lumboka,Lumboka Medical Services
Lunakwe,Lunakwe Dispensary
Lunda,Lunda medical clinic
Lunga Lunga,Lunga Lunga Health Centre
Lungai,Lungai Dispensary
Lurare,Lurare Dispensary
Lussigetti,Lussigetti Sub-county Hospital
Luucho Dispensarry,Luucho Dispensarry
Luuya,Luuya Dispensary
LVCT Dice Hurlinghum,LVCT Dice Hurlinghum
Lvct Thika,Lvcthealth Thika
Lwakhakha,Lwakhakha Dispensary
Lwanda,Lwanda Dispensary (Bungoma Central)
Lwandanyi,Lwandanyi Dispensary
Mabanga,Mabanga Medical Clinic
Mabroukie,Mabroukie Dispensary
Machakha,Machakha Dispensary
Machwele,Machwele Dispensary
Madaraka VCT,Madaraka VCT
Madina Nursing,Madina Nursing Home
Maendeleo,Maendeleo Medical Clinic
Maeni,Maeni Dispensary
Mafra,Mafra Clinic
Magana,Magana Medical Clinic
Magiina,Magiina Dispensary
Magogoni,Magogoni Dispensary
Mahanga,Mahanga Dispensary
Maisha House Ngara,Maisha House (Ngara)
Majengo SWOP,Majengo SWOP
Makadara Health,Makadara Health Centre
Makadara Mercy Sisters,Makadara Mercy Sisters Dispensary
Makadara Office,Makadara Sub County Office
Makhanga,Makhanga Dispensary
Makhonge Dispensary,Makhonge Dispensary
Makhonge Health,Makhonge Health Centre
Makina,Makina Clinic
Makina community,Makina Community Clinic
Makkah Nursing,Makkah Nursing Home
Makogeni,Makogeni Clinic
Makololwe,Makololwe Dispensary
Makongeni,Makongeni Dispensary
Makutano,Makutano  Dispensary
Makwa community,Makwa Community Dispensary
Makwak Comm,Makwak Comm Clinic
Malakisi,Malakisi Health Centre
Malibu Kunda Street,Malibu  Kunda Street
Malibu Agriculture House,Malibu Agriculture House
Malibu Hurlingham,Malibu Hurlingham
Malibu Kaunda Street,Malibu Kaunda Street
Malibu Westlands,Malibu Westlands
Mama Lucy Kibaki Embakasi,Mama Lucy Kibaki Hospital -Embakasi
Mama Margaret,Mama Margaret Medical Clinic
Mangu Aip,Mangu (Aip) Dispensary
Mangu High School,Mangu High School Clinic
Mara,Mara Medical Clinic
Maranatha,Maranatha Medical Services
MarewaMaternity,Marewa Medical Centre and Maternity
Margaret Njoki Memorial,Margaret Njoki Memorial Health Centre
Maria Dominica,Maria Dominica Dispensary
Maria Immaculate,Maria Immaculate Health Centre
Maria MaternityNursing,Maria Maternity and Nursing Home
MariaDiadetic Saika,Maria Medical Clinic And Diadetic centre(Saika)
Mariakani Cottage,Mariakani Cottage Hospital Ltd
Mariakani Cottage Utawala,Mariakani Cottage Hospital Utawala
Marie Stopes Kencom,Marie Stopes Clinic (Kencom)
Marie Stopes Langata,Marie Stopes Clinic (Langata)
Marie Stopes Pangani,Marie Stopes Clinic (Pangani)
Marie Stopes Westlands,Marie Stopes Clinic (Westlands)
Marie Stopes Bungoma,Marie Stopes Kenya Bungoma Centre
Marie Stopes Nursing Eastleigh,Marie Stopes Nursing Home (Eastleigh)
Mariestopes,Mariestopes
Marigo,Marigo Dispensary
Maringo,Maringo Clinic
Marist International University College,Marist International University College Medical Clinic
Maritab Supkem,Maritab Supkem Clinic
Martmerg,Martmerg Medical Clinic
Marura Nursing,Marura Nursing Home
Marura Nursing Githurai,Marura Nursing Home -Githurai
Marura Nursing Kiambu,Marura Nursing Home Kiambu
Marurui,Marurui Dispensary
Mary Help of The Sick,Mary Help of The Sick Hospital
Mary Helper of The Sick Ngarariga Cenre,Mary Helper of The Sick Ngarariga Health Cenre
Mary Immaculate Mukuru,Mary Immaculate Clinic Mukuru
Mary Immaculate Sisters,Mary Immaculate Sisters Dispensary
Mary Mission,Mary Mission
Masaba,Masaba Hospital
Mataara,Mataara Dispensary
Mater Hosp kasarani,Mater Hosp kasarani
Mater TRM,Mater HospitalClinic (TRM)
Mathare 3A EDARP,Mathare 3A (EDARP)
Mathare Football For Hope,Mathare Football For Hope
Mathare North,Mathare North Health Centre
Mathare Police Depot,Mathare Police Depot
Mathari,Mathari Hospital
Mathigu Road,Mathigu Road Medical Clinic
Matibabu,Matibabu Clinic
Matisi,Matisi Dispensary
Matulo,Matulo Dispensary
Mawamu,Mawamu Health Clinic
Maximum,Maximum Medical Clinic
Mayanja,Mayanja Dispensary
Mayanja StPauls,Mayanja St. Pauls Medical Services
Mayflower,Mayflower Clinic
Maysparsyube,Maysparsyube Health Services
Mbagathi,Mbagathi District Hospital
Mbari Ya Igi,Mbari Ya Igi
MbauIni,Mbau-Ini Dispensary
Mbici,Mbici Dispensary
Mbotela,Mbotela Clinic
Mchana Estate,Mchana Estate Dispensary
Mechimeru Model Center,Mechimeru Model Health Center
Medanta Afri Fortis,Medanta Afri Care(Fortis)
Medanta Afri South C,Medanta Afri Care(South C)
Medanta Afri Waiyaki Way,Medanta Africare (Waiyaki Way)
Medanta Afri,Medanta Africare LTD
Medanta Afri Waiyaki way,Medanta Africare Medical Centre (Waiyaki way)
Medecins Du Monde/France,Medecins Du Monde/France
Link Integrated Program,Medical Link Integrated Health Program
Plaza Banana,Medical Plaza Clinic Banana
Medical Reception,Medical Reception Dispensary
Medicare,Medicare Clinic
Medicross Limited Langata Mall,Medicross Limited Langata Mall
medicross kawangware,medicross ltd kawangware
Medicross,Medicross medical clinic
Medigold,Medigold
Mediheart OutpatientMaternity,Mediheart Outpatient and Maternity Home
Medina,Medina Health Centre
MediPoint,MediPoint Dispensary
Medizone,Medizone Clinic
Medlink,Medlink Clinic
Medwin,Medwin Medical Centre
Melchezedek,Melchezedek Hospital
Memorial,Memorial Hospital
Mercillin Afya,Mercillin Afya Centre
Mercy Medical,Mercy Medical Centre
Mercy Mission,Mercy Mission Health Centre
Mercylight Hospital,Mercylight Hospital
Mercylight Lucky Summer,Mercylight Hospital-Lucky Summer
Meridian Equator,Meridian Equator Hospital
Meridian Buruburu,Meridian Medical Centre (Buruburu)
Meridian Kileleshwa,Meridian Medical Centre (Kileleshwa)
Meridian Nation House,Meridian Medical Centre (Nation House)
Meridian Donholm,Meridian Medical Donholm Clinic
Mesedith,Mesedith Medical Clinic
Metropolitan Nairobi,Metropolitan Hospital Nairobi
Mid Hill,Mid Hill Medical Clinic
Miendo,Miendo Dispensary
Miendo,Miendo Dispensary
Miguta community,Miguta Community Dispensary
Miguta,Miguta Dispensary
Mihang'o community,Mihang'o Community Dispensary
Mihuu,Mihuu Dispensary
Miiri community,Miiri Community Dispensary
Mikulinzi Nursing,Mikulinzi Nursing Home
Milele Med,Milele Med Clinic
MILIKI AFYA,MILIKI AFYA CLINIC
Milo,Milo Health Centre
Miluki,Miluki Dispensary
Ministry of Education Moest VCT,Ministry of Education (Moest) VCT Centre
Misikhu Dispensary,Misikhu Dispensary
Misikhu Main,Misikhu Main Medical Clinic
Misikhu Clinic,Misikhu Medical Clinic
Mission Care Nursing,Mission Care Nursing Home
Mission of Hope,Mission of Hope
Mission of Mercy,Mission of Mercy Clinic
Mji Wa Huruma,Mji Wa Huruma Dispensary
Mku,Mku Dispensary
Mkunga,Mkunga Clinic
Mmak,Mmak
Mmak Embakasi Stand Alone VCT,Mmak Embakasi Stand Alone VCT
Mofa Afya,Mofa Afya Medical Centre
Moi Air Base,Moi Air Base Hospital
Monica,Monica Clinic
Mosi Flower Farm,Mosi Flower Farm Clinic
Most Precious Blood Sisters,Most Precious Blood Sisters Dispensary
MotherChild,Mother & Child Hospital
Mother Ippolata Mukuru,Mother Ippolata Mukuru Clinic
MOW,MOW Dispensary
Mowlem,Mowlem Health Centre
Mp Shah Westlands,Mp Shah Hospital (Westlands)
MPBMC,MPBMC
MPEG,MPEG
Mpeli,Mpeli Medical Clinic
MSF Mathare France,MSF Mathare France
Msf Olympic,Msf Olympic Centre
MSF Green House,MSF- Green House Clinic
Mt Elgon,Mt Elgon District Hospital
Mt pleasant,Mt pleasant Medical Clinic
Mt Sinai Nursing,Mt Sinai Nursing Home
MT. Elgon,MT. Elgon Clinic
Mtaani VCT,Mtaani VCT
MtaroFamily Planning,Mtaro Dispensary and Family Planning
Mteremuko,Mteremuko medical clinic
Muanda,Muanda  Dispensary
Muchatha,Muchatha Dispensary
Mufutu,Mufutu Medical Clinic
Mugutha CDF,Mugutha (CDF) Dispensary
Mukhe,Mukhe Dispensary
Mukuru Centre of Hope,Mukuru Centre of Hope
Mukuru Crescent,Mukuru Crescent Clinic
Mukuru Health,Mukuru Health Centre
Mukuru Mmm,Mukuru Mmm Clinic
Mukurwe PCEA,Mukurwe (PCEA) Medical Clinic
Mukwa,Mukwa Dispensary
Mulachi,Mulachi Dispensary
Multi Media University,Multi Media University Dispensary
Mumbule,Mumbule Dispensary
Mundika Nursing,Mundika Nursing Home
Mundoro Community Dispensary,Mundoro Community Dispensary
Mundoro Medical Clinic,Mundoro Medical Clinic
Mundoro Medical Clinic Dandora,Mundoro Medical Clinic Dandora
Munyu,Munyu Health Centre
MunyuIni,Munyu-Ini Dispensary
Musco,Musco Clinic
Musikoma,Musikoma Dispensary
Muska,Muska Medical Centre
Mutati,Mutati Dispensary
Muteithania,Muteithania Medical Clinic
Muthaara,Muthaara Dispensary
Muthurwa,Muthurwa Clinic
Mutonya,Mutonya Dispensary
Mutuini,Mutuini Sub-District Hospital
Mwaki,Mwaki Healthcare
Mwangaza Thika,Mwangaza Medical Clinic (Thika)
Mwangaza Ulio Na Tumaini,Mwangaza Ulio Na Tumaini
Mwangaza Ulio Na Tumaini,Mwangaza Ulio Na Tumaini Clinic
Mwatate Clinic,Mwatate Clinic
Mwatate Health Care Centre,Mwatate Health Care Centre
Mwera,Mwera Medical Clinic
Mwikhupo,Mwikhupo Dispensary
Mwiki CFW,Mwiki CFW Clinic
Mwomo,Mwomo Dispensary
Nabuala,Nabuala Medical Centre
Nachu,Nachu dispensary
Naidu,Naidu Hospital
Naioth,Naioth Medical Clinic
Nairobi Beyond Zero Clinic,Nairobi County Beyond Zero Clinic
Nairobi Deaf Liverpool,Nairobi Deaf (Liverpool)
Nairobi Earc St Anne,Nairobi Earc St Anne Medical Clinic
Nairobi East,Nairobi East Hospital
Nairobi Hospital,Nairobi Hospital
Nairobi Outpatient Centre,Nairobi Outpatient Centre
Nairobi Regional Blood Transfusion Center,Nairobi Regional Blood Transfusion  Center
Nairobi Remand Prison,Nairobi Remand  Prison Health Centre
Nairobi South Clinic,Nairobi South Clinic
Nairobi South Hospital,Nairobi South Hospital
Nairobi West Chidren,Nairobi West Chidren Clinic
Nairobi West,Nairobi West Hospital
Nairobi West Men's Prison Dispensary,Nairobi West Men's Prison Dispensary
Nairobi Womens Hurlingham,Nairobi Womens Hospital (Hurlingham)
Nairobi Womens Adams,Nairobi Womens Hospital Adams
Naitiri Private Wing,Naitiri Private Wing Clinic
Naitiri,Naitiri Sub-District Hospital
Nalondo Cbm,Nalondo Cbm Dispensary
Nalondo,Nalondo Dispensary
Nalondo Model,Nalondo Health Centre (Model)
Namang'ofulo,Namang'ofulo Dispensary
Namarambi,Namarambi Dispensary
Namwatikho,Namwatikho Dispensary
Namwaya,Namwaya Clinic
Nasaka,Nasaka Dispensary
Nascop VCT,Nascop VCT
Nasianda,Nasianda Dispensary
Nasusi,Nasusi Dispensary
National Food SafetyNutrition Reference Lab,National Food Safety and Nutrition Reference Lab
National Microbiology Reference Lab,National Microbiology Reference Lab
National ParasitologyNTD Reference Lab,National Parasitology and NTD Reference Lab
National Spinal Injury,National Spinal Injury Hospital
National Virology Reference Lab,National Virology Reference Lab
National Youth Service Hq Ruaraka,National Youth Service Hq Dispensary (Ruaraka)
Nazarene,Nazarene Medical Clinic
Nazareth,Nazareth Hospital
Nazareth Ruiru,Nazareth Hospital (Ruiru)
Ndalu,Ndalu Health Centre
Ndeiya,Ndeiya Health Centre
Ndenderu Dispensary,Ndenderu Dispensary
Ndenderu Medical,Ndenderu Medical Services
Ndengelwa,Ndengelwa Dispensary
Ndonyero,Ndonyero Medical Clinic
Ndula,Ndula Dispensary
Ndumberi al,Ndumberi Clinical Services
Nduriri AIC,Nduriri (AIC) Dispensary
Ndururumo,Ndururumo Dispensary
Neem Aristocrats James Gichuru,Neem Aristocrats  James Gichuru
Neem Gigiri,Neem Gigiri
Neem Pharmacy,Neem Pharmacy
Neem Pharmacy Ngong Road,Neem Pharmacy Ngong Road
Neem Pharmacy Valley Arcade,Neem Pharmacy Valley Arcade
Neem Pharmacy yaya center,Neem Pharmacy yaya center
Neem Popo Mombasa Road,Neem Popo Road Mombasa Road
Neema Ruiru,Neema Hospital (Ruiru)
Neema Medical,Neema Medical Clinic
Neema Medicare,Neema Medicare Centre
Neema Uhai,Neema Uhai Hospital
Neema Ya Yesu,Neema Ya Yesu Clinic
Nelly,Nelly Medical centre
Nembu,Nembu Medical Clinic
New Hope,New Hope Medical Clinic
New Hopekahawa Wendani,New Hope(kahawa Wendani)
New Life Childrens Kilimani,New Life Home Childrens Home(Kilimani)
New Nairobi Area Police VCT,New Nairobi Area Police VCT
New Partner Initiative Npi Sasa,New Partner Initiative (Npi) Sasa Centre
New Partners Initiative HIV AIDS,New Partners Initiative Scaling Up HIV and AID Prevention Program (Npi Shap)
Newlight Dandora,Newlight Medical Centre(Dandora)
Nezel Njiru,Nezel Medical Centre(Njiru)
Ngaira Rhodes,Ngaira Rhodes Dispensary
Ngalasia,Ngalasia Dispensary
Ngara City Council of Nairobi,Ngara Health Centre (City Council of Nairobi)
Ngarariga Dispensary,Ngarariga Dispensary
Ngarariga Health Centre,Ngarariga Health Centre
Ngecha PCEA,Ngecha (PCEA) Health Centre
Ngecha Health,Ngecha Health Centre
Ngecha Orthodox,Ngecha Orthodox Dispensary
Ngenda,Ngenda Health Centre
Ngeteti community,Ngeteti Community Health Dispesary
Ngewa Health,Ngewa Health Centre
Ngewa Medical,Ngewa Medical Clinic
Ngoliba,Ngoliba Health Centre
Ngong Road,Ngong Road Health Centre
Ngorongo,Ngorongo Health Centre
Ngumba,Ngumba medical clinic
Ngwelo,Ngwelo Dispensary
Nila Chemist W R Ronald Ngala Street,Nila Chemist W&R Ronald Ngala Street
Nila Chemist Wholesale Retail Mfangano Street,Nila Chemist Wholesale & Retail-Mfangano Street
Nila Chemist Tom Mboya,Nila Chemist-Tom Mboya
Nila Pharmaceuticals Mfangano Street,Nila Pharmaceuticals-Mfangano Street
Nila Pharmaceuticals River Road,Nila Pharmaceuticals-River Road
Nile,Nile Medical Care
Nimoli Medical Centre,Nimoli Medical Centre
Nimoli Medical Services,Nimoli Medical Services
Njemuka,Njemuka Medical Clinic
Njete,Njete Medical Clinic
Njimia Pharmaceuticals Langata,Njimia Pharmaceuticals Ltd-Langata
Njimia Pharmaceuticals Buruburu,Njimia Pharmaceuticals-Buruburu
Njimia PharmacyEastleigh,Njimia Pharmacy-Eastleigh
Njiru EDARP,Njiru (EDARP) Clinic
Njiru,Njiru Dispensary
No 4 community Health,No 4 Community Health Clinic
Nopri,Nopri Medical Clinic
Norman Munyiri,Norman Munyiri Medical Clinic
Npi Shap,Npi -Shap
Nsis Ruaraka,Nsis Health Centre (Ruaraka)
Nuffield Nursing,Nuffield Nursing Home
Nuru Lutheran VCT,Nuru Lutheran VCT
Nyajimo,Nyajimo Medical Clinic
Nyanduma,Nyanduma Dispensary
Nyara Tea Estate,Nyara Tea Estate Dispensary
Nyathuna Level 4,Nyathuna Level 4 Hospital
Nyina Wa Mumbi,Nyina Wa Mumbi Dispensary
NYS Eng,NYS Eng Clinic
Nyumbani Diagnostic Laboratory,Nyumbani Diagnostic Laboratory and Medical Clinic
Nzoia Centre,Nzoia Medical Centre
Nzoia Clinic,Nzoia Medical Clinic
Nzoia Sugar,Nzoia Sugar Dispensary
Oaklands Estate,Oaklands Estate Dispensary
Oasis Doctors Plaza Nairobi Green House,Oasis Doctors Plaza Nairobi Green House
Oasis Laboratory,Oasis Laboratory Services
Oasis Clinic,Oasis Medical Clinic
Oasis Mission,Oasis Mission Hospital
Oasis of Hope,Oasis of Hope Medical Centre
Odeon,Odeon Medical Centre
ofafa I,ofafa I Clinic
Ogwedhi Nairobi North,Ogwedhi Dispensary (Nairobi North)
Olive International,Olive Health Care International
Olive Link,Olive Link Health Care
Olive Tree,Olive Tree Hospital
Olympic community,Olympic Community Clinic
Omaera Pharmacy Ngumo Nairobi,Omaera Pharmacy-Ngumo Nairobi
One Stop Youth VCT,One Stop Youth VCT
Open Heart,Open Heart Medical Centre
Orthadox MaternityHealth Centre,Orthadox Maternity & Health Centre
Orthodox Dispensary,Orthodox Dispensary
Orthodox MaternityHealth Centre,Orthodox Maternity and Health Centre
Othaya,Othaya Medical Clinic
Our Lady's Hospice,Our Lady's Hospice
P & T Clinic,P & T Clinic
P E U Ruiru Disp,P E U Ruiru Disp
Padens Medicare,Padens Medicare Centre
Paloma International,Paloma Medical International
Pan Paper,Pan Paper Dispensary
Pangani City Council of Nairobi,Pangani Clinic (City Council of Nairobi)
Pangani,Pangani Medical Centre
Paradise Health Centre,Paradise Health Centre
Paradise Medical Clinic,Paradise Medical Clinic
Parkroad Nursing Nairobi,Parkroad Nursing Home (Nairobi)
Partner's For Med,Partner's For Care Med Centre
Partners In Prevention,Partners In Prevention
Patanisho MaternityNursing,Patanisho Maternity and Nursing Home
PCEA Ngundo,PCEA Clinic (Ngundo)
PCEA Dandora,PCEA Dandora Clinic
PCEA Kayole Parish,PCEA Kayole Parish Health Centre
PCEA Kuwinda,PCEA Kuwinda Health Clinic
PCEA Pipeline,PCEA Pipeline Medical Clinic
PCEA Silanga Church VCT,PCEA Silanga Church VCT
Pearl,Pearl Medical Clinic
Pefa Mercy,Pefa Mercy Medical Centre
Penda Care,Penda Medical Care
Penda Umoja,Penda Medical Centre Umoja
Penda Clinc,Penda medical Clinc
Penta Flowers Juja,Penta Flowers (Juja)
Penta Flowers Thika,Penta Flowers Clinic - Thika
Penta Flowers Ndarugu,Penta Flowers Dispensary (Ndarugu)
Pentamed,Pentamed Health Services
Pevlink,Pevlink Services LTD Clinic
Phadam Nasra,Phadam Hospital Nasra
Phadam Umoja,Phadam Hospital Umoja
Pharmart Centurion_2 Rivers,Pharmart Centurion_2 Rivers
Pharmart chemist ABC Place,Pharmart chemist ABC Place
Pharmart Chemist Galleria,Pharmart Chemist Galleria
Pharmart Portal Town,Pharmart Portal Town
Pharmart Portal Two Rivers,Pharmart Portal Two Rivers
Piemu,Piemu Medical Clinic
Pilot,Pilot Medical Clinic
Pine,Pine Medical Clinic
Pioneer,Pioneer medical clinic
Pipeline,Pipeline Medical Health Services
Pipeline Nursing,Pipeline Nursing Home
Plainsview Nursing,Plainsview Nursing Home
Plan Med,Plan Med Health Services
Police Central Workshop,Police Central Workshop
Pollen Limited,Pollen Limited Dispensary
Pona Mat,Pona Mat Dispensary
Port Langata,Port Health Dispensary (Langata)
Post Bank,Post Bank Clinic
Precious,Precious care medical centre
Precious Life,Precious Life Clinic
Premier BagCordage,Premier Bag and Cordage Dispensary
Premium service,Premium health service
Prescort,Prescort Dispensary
Prestige,Prestige Medical Centre
Prestige Medi Njiru,Prestige Medicare Clinic Njiru
Primary,Primary Health Services
Prime Healthservices,Prime Healthservices Dispensary
Prime Medical,Prime Medical Clinic
Primed Komarock,Primed Medical Services Komarock
Prince Alvin,Prince Alvin Medical Centre
Proact . H.,Proact . H. services
Professor Wasuna,Professor Wasuna Clinic
Provide Inter Math,Provide Inter Math Dispensary
Provide Inter' Mutindwa Umoja,Provide Inter' Mutindwa Umoja Clinic
Provide Internatinal Dandora,Provide Internatinal Clinic (Dandora)
Provide International Kayole,Provide International Clinic (Kayole)
Provide International Korogocho,Provide International Korogocho
Provide Mutindwa,Provide Mutindwa
Providence,Providence  Medical Centre
Providence International,Providence Care International
Providence Whole International VCT,Providence Whole Care International VCT
Providers,Providers Medical Centre
Prudent,Prudent Clinic
Pstc,Pstc Health Centre
Pumwani Majengo,Pumwani Majengo Dispensary
Pumwani Maternity,Pumwani Maternity Hospital
Pwani,Pwani Dispensary
Quality of Life,Quality of Life Medical Clinic
Queen of Peace,Queen of Peace Clinic
R Service,R-Care Health Service
Radiant Group of Kiambu,Radiant Group of Hospital (Kiambu )
RADIANT GROUP OF S,RADIANT GROUP OF HOSPITALS
Radiant Kasarani Annex,Radiant Hospital Kasarani Annex
Radiant Kiambu,Radiant Medical Clinic (Kiambu )
Radiant Pangani,Radiant Pangani Hospital
Rafiki,Rafiki Clinic
Ragia Forest,Ragia Forest Dispensary
Raila community,Raila Community Clinic
Railway Training Institute South B,Railway Training Institute  Dispensary South B
Rama,Rama Medical Clinic
Ramos,Ramos Medical Clinic
Rangechem Downtown,Rangechem Downtown
Rangechem PharmaceuticalsMfangano Street,Rangechem Pharmaceuticals-Mfangano Street
Rangechem Tmall,Rangechem Tmall
Ranje,Ranje  Dispensary
Ray of Hope,Ray of Hope Health Centre
Rays Clinette,Rays Clinette
Rays International,Rays International Clinic
Redemeed,Redemeed Health Centre
Redland Roses,Redland Roses Ltd Dispensary
RefugepointMapendo,Refugepoint(Mapendo)
Rehema,Rehema medical clinic
Reinha Rosary,Reinha Rosary Clinic
Reliable,Reliable Medical Health Services
Renguti PCEA Women's Guild,Renguti (PCEA) Women's Guild Clinic
Rescue Thika,Rescue Centre (Thika)
Reuben Mukuru,Reuben Mukuru Health Centre
Review,Review Medical Clinic
Revival Based,Revival Home Based Care Clinic
Rgc Jipe Moyo,Rgc Jipe Moyo Dispensary
Rhodes Chest,Rhodes Chest Clinic
Riabai,Riabai Dispensary
Ribeiro,Ribeiro Clinic
Rironi,Rironi Health Centre
Riruta,Riruta Health Centre
RithikaCounselling,Rithika Medical And Counselling Centre
Riversite,Riversite Medical Centre
Romieva Tassia,Romieva Medical Centre Tassia
Romkan,Romkan Medical Centre
Ronil Githurai,Ronil Medical Clinic (Githurai)
Round About,Round About Medical Dispensary
Royal Gardens,Royal Gardens
Royal Thika,Royal Medical Clinic (Thika)
Royalmed,Royalmed Medical  Clinic
Ruai EDARP,Ruai (EDARP) Clinic
Ruai SDA,Ruai (SDA) Clinic
Ruai community,Ruai Community Clinic
Ruai Family,Ruai Family Hospital
Ruai,Ruai Health Centre
Ruanda,Ruanda Dispensary
Ruaraka,Ruaraka Clinic
Ruby,Ruby Medical Centre
Ruera Estate,Ruera Estate Dispensary
Ruiru Diagnostic,Ruiru Diagnostic Centre
Ruiru East,Ruiru East Medical Clinic
Ruiru Family,Ruiru Family Clinic
Ruiru Health,Ruiru Health Clinic
Ruiru Hospital,Ruiru Hospital Limited
Ruiru Prisons,Ruiru Prisons Dispensary
Ruiru Sub-County Hospital,Ruiru Sub-County  Hospital
Rural Aid VCT,Rural Aid VCT
Rwamburi,Rwamburi Dispensary
Sacha,Sacha Health Centre
Sacred Heart,Sacred Heart Dispensary
Saika community,Saika Community Medical Centre
Saika Nursing,Saika Nursing Home
Salama,Salama Medical Clinic
Salama Nursing,Salama Nursing Home
Samaritan Community Health Clinic,Samaritan Community Health Clinic
Samaritan Community Health Medical Clinic,Samaritan Community Health Medical Clinic
Samaritan Dandora,Samaritan Medical Services (Dandora)
Samawati,Samawati medical Centre
Sambocho,Sambocho Health Centre
Samkim,Samkim Medical Clinic
Samlink Med,Samlink Med Clinic
Sanate,Sanate Medical Clinic
Sango Kabuyefwe,Sango Kabuyefwe Dispensary
Sango Natiri,Sango Natiri Dispensary
Saola MaternityNursing,Saola Maternity and Nursing Home
Sapta,Sapta
SAPTA KAYOLE,SAPTA KAYOLE
Sasa Kikuyu,Sasa Centre (Kikuyu)
Sasa Ruiru,Sasa Centre -Ruiru
Sasa Makadara,Sasa Centre Makadara
Savannah,Savannah Health Services
Sawa Consultants,Sawa Medical Consultants
Sawa sawa,Sawa sawa Health Services
Scion,Scion Healthcare Ltd
SDA Likoni Road,SDA Health Services Likoni Road Clinic
Selina's,Selina's Health Care
Selma,Selma medical clinic
Senye,Senye Medical Clinic
Seth,Seth Medical Clinic
Sex Workers Operation Project Swop,Sex Workers Operation Project (Swop)
Sex Workers Outreach Program Lang'ata,Sex Workers Outreach Program (Lang'ata)
Shacolas,Shacolas medical centre
Shalome,Shalome Medical Clinic
Shammah,Shammah Health Services
Shammah,Shammah Medical Clinic
Shangilia Y2Y,Shangilia Y2Y
Shauri Moyo,Shauri Moyo Clinic
Shaurimoyo EDARP,Shaurimoyo EDARP
Shawif,Shawif Medical Services
Shekina,Shekina Medical Clinic
Shepherds Maringo,Shepherds Medical Clinic Maringo
Shikamoo,Shikamoo Medical Clinic
Shining Hope for Commies Mathare,Shining Hope for Communities Mathare Medical Clinic
Shree Cutchhi Leva Samaj,Shree Cutchhi Leva Samaj Medical Clinic
Shwak,Shwak Medical Clinic
Siboti Model,Siboti Model Health Centre
Sigona,Sigona Medical
Sikulu,Sikulu Dispensary
Sikusi,Sikusi Dispensary
Silanga community,Silanga Community Clinic
Silanga,Silanga Dispensary
Siloam,Siloam Medical Centre
Sinai Maternity,Sinai Maternity and Medical Clinic
Single Mothers Association ofSmak,Single Mothers Association of Kenya (Smak)
Single Touch VCT,Single Touch VCT
Sinohydro VCT,Sinohydro VCT
Sinoko Bungoma East,Sinoko Dispensary (Bungoma East)
Sir JohnMbatia community,Sir John and Mbatia Community Medical Clinic
Sirakaru,Sirakaru Dispensary
Sirisia,Sirisia Hospital
Sitikho,Sitikho Dispensary
Sky Hill Nursing,Sky Hill Nursing Home
Skymed,Skymed Medical Clinic
Smilestar,Smilestar Medical Services
Soko,Soko Medical Clinic
Sokoni Arcade VCT,Sokoni Arcade VCT
Sos,Sos Dispensary
Soteni,Soteni Dispensary
South B,South B Clinic
South B,South B Hospital LTD
South B Police Band,South B Police Band Dispensary
South C Dialysis,South C Dialysis Centre Ltd
South C Limited,South C Hospital Limited
Southern,Southern Health Care
Southland Cactus Pharmacy,Southland Cactus Pharmacy
Soweto Kayole Phc,Soweto Kayole Phc Health Centre
Soweto West,Soweto West Clinic
Soysambu ACK,Soysambu (ACK) Dispensary
Spa Nursing,Spa Nursing Home
Space,Space Care Health Services
SpeakAct,Speak and Act
Special Provision,Special Provision Clinic
Special Treatment,Special Treatment Clinic
Spica's,Spica's Medical centre
Springs of Life Lutheran,Springs of Life Lutheran Dispensary
Springs of Patmos,Springs of Patmos
St Alice EDARP Dandora,St Alice (EDARP) Dandora Clinic
St Aloysius Gonzaga School,St Aloysius Gonzaga School Dispensary
St Andrews Cc Rironi,St Andrews Cc Rironi
St Andrews Cc Rironi Dispensary,St Andrews Cc Rironi Dispensary
St Angela,St Angela Dispensary
St Ann gathanga,St Ann hospital gathanga
St Ann Lioki Dispensary,St Ann Lioki Dispensary
St Ann Medical,St Ann Medical Clinic
St Anne's Medical,St Anne's Medical Clinic
St Annes Health,St Annes Health Clinic
St Annes Medical Health Centre,St Annes Medical Health Centre
St Anns,St Anns
St Anthony,St Anthony Medical Clinic
St Augustine,St Augustine Dispensary
St Bakhita,St Bakhita Mission
St Barkita Utawala,St Barkita Dispensary Utawala
St Begson,St Begson Clinic
St Bridget's MotherChild,St Bridget's Mother & Child
St Catherine's,St Catherine's Health Centre
St Charles Lwanga,St Charles Lwanga Dispensary
St Clare,St Clare Medical Clinic
St Damiano Nursing,St Damiano Nursing Home
St Faustine's,St Faustine's Health Services
St Florence,St Florence Medical Care Health Centre
St Francis Community,St Francis Community  Hospital
St Francis Health Centre Nairobi North,St Francis Health Centre (Nairobi North)
St Francis Health Clinic,St Francis Health Clinic
St Francis of Assisi Dispensary,St Francis of Assisi Dispensary
St Gabriel,St Gabriel Health Centre
St James,St James Medical Clinic
St John community,St John Community Centre
St John,St John Hospital
St John Orthodox Kahuho,St John Orthodox Dispensary Kahuho
St John's community,St John's Community Health Clinic
St Johns Ambulance,St Johns Ambulance
St Josef,St Josef Medical Clinic
St Joseph ACK Kanyariri,St Joseph (ACK) Kanyariri Dispensary
St Joseph Catholic,St Joseph Catholic Dispensary
St Joseph Mukasa,St Joseph Mukasa Dispensary
St Joseph Nursing,St Joseph Nursing Home
St Joseph W Westlands,St Joseph W Dispensary (Westlands)
St Joseph's Dagoretti,St Joseph's Dispensary (Dagoretti)
St JosephEDARP,St Joseph(EDARP) Clinic
St Jude Medical Clinic,St Jude Medical Clinic
St Jude's Medical Centre,St Jude's Medical Centre
St Judes Nursing Home,St Judes Nursing Home
St Knights,St Knights Medical Clinic
St Louis community,St Louis Community Hospital
St Lucy,St Lucy Medical Clinic
St Luke Medical Care,St Luke Medical Care Clinic
St Luke's The Physician Medical Centre,St Luke's The Physician Medical Centre
St Lukes Kona Health Centre,St Lukes (Kona) Health Centre
St Lukes Medical,St Lukes Medical Clinic
St lukes medical diatetics,St lukes medical diatetics clinic
St Mac's,St Mac's Hospital
St Margaret Family,St Margaret Family Care Clinic
St Mark Nairobi East,St Mark Medical Clinic (Nairobi East)
St Marks,St Marks Hospital
St Mary Medical Clinic Gtd,St Mary Medical Clinic Gtd
St Mary's Health Services,St Mary's Health Services
St Mary's Medical Clinic,St Mary's Medical Clinic
St Mary's Mission Hospital,St Mary's Mission Hospital
St Mary's Mission International,St Mary's Mission International
St Mary's Mother Child Medical Services,St Mary's Mother & Child Medical Services
St Mary's mwihoko Afya Centre,St Mary's mwihoko  Afya Centre
St Maurice,St Maurice Medical Services
St Michael,St Michael
St Michael community Nursing,St Michael Community Nursing Home
St Michael Goodwill,St Michael Goodwill Medical Clinic
St Monica Donholm,St Monica Donholm Clinic
St Mulumba,St Mulumba Mission Hospital
St Odilia's,St Odilia's Dispensary
St Olivia,St Olivia Health Care
St Patrick,St Patrick Health Care Centre
St Paul University,St Paul University Dispensary
St Paul's,St Paul's Health Centre
St Pery's,St Pery's Medical Clinic
St Peter,St Peter Dispensary
St Peter Orthodox Church,St Peter Orthodox Church Dispenasary
St Peter's ACK Medical Clinic,St Peter's (ACK) Medical Clinic
St Peters Medical Clinic,St Peters Medical Clinic
St Philips Health Centre,St Philips Health Centre
St Phillip Medical Centre,St Phillip Medical Centre
St Raphael's,St Raphael's Clinic
St Stephen ACK Cura,St Stephen (ACK) Cura Dispensary
St Teresa Nursing Home,St Teresa Nursing Home
St Teresa's Health Centre,St Teresa's Health Centre
St Teresa's Parish Dispensary,St Teresa's Parish Dispensary
St Teresia Medical Clinic,St Teresia Medical Clinic
St Thadeus,St Thadeus Medical Clinic
St Theresa's,St Theresa's Health Services
St Triza,St Triza Medical Clinic
St Trizah,St Trizah Medical Clinic
St Veronica EDARP,St Veronica EDARP
St Vincent Catholic,St Vincent Catholic Clinic
St Vincent Nairobi East,St Vincent Clinic (Nairobi East)
St Andrews Karinde,St. Andrews Karinde
St Angela merici,St. Angela merici
St Francis,St. Francis Health Services
St Merryl,St. Merryl
St PetersAnn,St. Peters & Ann Medical Centre
St Anjelmo,St.Anjelmo  Medical Clinic
St Anne Ndumberi,St.Anne Medical Clinic (Ndumberi)
St Boniface,St.Boniface Dispensary
St Claire Tin'gan'ga,St.Claire Medical Clinic (Tin'gan'ga )
St Mark,St.Mark Medical Clinic
St Marys MotherChild,St.Marys Mother & Child Hospital
St Paul,St.Paul Clinic
St Teresa Kiambu,St.Teresa Hospital Kiambu
Starehe Boys,Starehe Boys Centre Medical Clinic
Startshine,Startshine  Medical Centre
State House,State House Clinic
State House Nairobi,State House Dispensary (Nairobi)
Stemch VCT,Stemch VCT
Strathmore University,Strathmore University Medical Centre
Suba,Suba Medical Centre
Sulwe,Sulwe Dispensary
Sunbeam,Sunbeam Medical Centre
Sunrise City,Sunrise City medical Centre
Sunset,Sunset Medical Clinic
Sunton Cfc,Sunton Cfc Medical Clinic
Sunview MaternityNursing,Sunview Maternity&Nursing Home
Supkem Liverpool,Supkem (Liverpool)
Supreme community,Supreme community  medical clinic
Susamed,Susamed Medical Clinic
Suva,Suva health services
SWOP Donholm,SWOP Clinic Donholm
Swop Kawangware,Swop Kawangware
Swop Korogocho,Swop Korogocho
SWOP Outreach Project,SWOP Outreach Project Clinic
Swop Thika Road VCT,Swop Thika Road VCT
Syria,Syria Medical Clinic
Tabani,Tabani Dispensary
Tabitha,Tabitha Medical Clinic
Taiba,Taiba Medical Centre
Talitia,Talitia Dispensary
Tamlega,Tamlega Dispensary
Tanganyika,Tanganyika Medical Clinic
Teachers Service Com,Teachers Service Commission
Technical University,Technical University Clinic
Tena PCEA,Tena (PCEA) Clinic
Tevica,Tevica Medical Clinic
TF_Mychemist HQ KMA House,TF_Mychemist HQ KMA House
TF_MyChemist Oilibiya Waiyaki Way,TF_MyChemist Oilibiya Waiyaki Way
TF_MyChemist Oilibya Galleria,TF_MyChemist Oilibya Galleria
TF_MyChemist Oilibya Langata,TF_MyChemist Oilibya Langata
TF_MyChemist Oilibya Parklands,TF_MyChemist Oilibya Parklands
CoOperative University College of Kenya,The Co-Operative University College of Kenya Dispensary
The Haven,The Haven Medical Clinic
The Karen,The Karen Hospital
Mater Embakasi,The Mater Embakasi Clinic
Mater Dev Hse,The Mater Hosp (Dev Hse)
Mater Hospital,The Mater Hospital
Mater Buruburu,The Mater Hospital Buruburu
Mater Mukuru,The Mater Hospital Mukuru
Mater Thika Satellite,The Mater Hospital Thika Satellite
The oak,The oak healthcare
The Zambezi,The Zambezi Hospital Ltd
Thigio Kiambu West,Thigio Dispensary (Kiambu West)
Thika Arcade Health Services,Thika Arcade Health Services
Thika High School,Thika High School
Thika High School dispensary,Thika High School dispensary
Thika High School For The Blind,Thika High School For The Blind
Thika Level 5,Thika Level 5 Hospital
Thika Medical Clinic ENT,Thika Medical Clinic ENT
Thika Nursing Home,Thika Nursing Home
Thika Primary School For The Blind Clinic,Thika Primary School For The Blind Clinic
Thika Road Health Services Ltd (Kasarani),Thika Road Health Services Ltd (Kasarani)
Thika Sasa Centre,Thika Sasa Centre
Thogoto,Thogoto Medical Clinic
Tigoni,Tigoni District Hospital
Times,Times Clinic
Ting'ang'a,Ting'ang'a Dispensary
Tinganga PCEA,Tinganga (PCEA) Dispensary
Tinganga Catholic,Tinganga Catholic Dispensary
Tongaren Model,Tongaren Model Health Centre
Tongaren,Tongaren Model Health Centre
Tongaren Health Centre,Tongaren Model Health Centre
Torah,Torah Medical Clinic
Transcom,Transcom Medical Services
Transcon Wendo,Transcon Wendo Medical Services
Trinity Medical Care Health Centre,Trinity Medical Care Health Centre
Trinity Medical Clinic,Trinity Medical Clinic
TRINITY MEDICAL CLINIC,TRINITY MEDICAL CLINIC
Tsc VCT,Tsc VCT
Tuikut,Tuikut Dispensary
Tulienge,Tulienge Dispensary
Tumaini Africa,Tumaini Africa
Tumaini Brigadier Medical Clinic,Tumaini Brigadier Medical Clinic
Tumaini Clinic Kiambu West,Tumaini Clinic (Kiambu West)
Tumaini Medical Muguga,Tumaini Medical (Muguga)
Tumaini Medical Centre,Tumaini Medical Centre
Tumaini Medical Centre Githunguri,Tumaini Medical Centre Githunguri
Tumaini Medical Clinic Thika West,Tumaini Medical Clinic (Thika West)
Tumutumu community,Tumutumu Community Medical Centre
USIU AFRICA,U.S.I.U AFRICA
Uhuru Camp O P Admin Police,Uhuru Camp Dispensary (O P Admin Police)
Uhuru Presitige,Uhuru Presitige Health Care
Umoja Health,Umoja Health Centre
Umoja Hospital,Umoja Hospital
Umoja III Medical,Umoja III Medical Centre
Umoja VCT Stand Alone,Umoja VCT Centre Stand Alone
Unity Nursing Home,Unity Nursing Home
University of Nairobi,University of Nairobi Dispensary
Uon Pmt,Uon Pmt
Uon/Uom Pumwani Ccc,Uon/Uom Pumwani Ccc
Upendo Dispensary,Upendo Dispensary
Upendo Medical Clinic,Upendo Medical Clinic
Uplands Forest,Uplands Forest Dispensary
Ushirika,Ushirika Medical Clinic
Utawala Estate,Utawala Estate Health Centre
Uthiru,Uthiru Health Centre
Uthiru Muthua,Uthiru Muthua Dispensary
Uwezo HC,Uwezo Healthcare HC
Uzima,Uzima Dispensary
Uzima Foundation,Uzima Foundation
Uzima Uhai,Uzima Uhai Health centre
Uzima White,Uzima White Medical Clinic
Vegpro In House,Vegpro In House Clinic
Victoria Medical,Victoria Medical Clinic
Victorious Living Ministries Vlm,Victorious Living Ministries (Vlm) Dispensary
Victory,Victory Hospital
Victory Revival,Victory Revival Medical Clinic
Vijana Against AidsDrug Abuse Juja,Vijana Against Aids and Drug Abuse (Juja)
Vineyard,Vineyard Hospital
Vipawa,Vipawa Medical Services
Vision Peoples Inter,Vision Peoples Inter Health Centre
Viva Afya Matopeni,Viva Afya Medical Clinic (Matopeni)
Vostrum,Vostrum Clinic
Waithaka,Waithaka Health Centre
Wakibe,Wakibe Clinic
Walgreens Adlife Plaza,Walgreens Adlife Plaza
Walgreens Pharmacy Adlife Plaza,Walgreens Pharmacy Adlife Plaza
Wamunga,Wamunga Health Clinic
Wananchi Dev Program Nyambari,Wananchi Dev Program Clinic (Nyambari)
Wananchi Clinic,Wananchi MedicalClinic
Wanduta,Wanduta Medical Clinic
Wangige,Wangige Sub-County Hospital
Wangu,Wangu Medical Clinic
WanjorogeMaternity,Wanjoroge Medical and Maternity Home
Wankam,Wankam  Medical Clinic
wapate initiative,wapate initiative
Warazo Ruiru,Warazo Medical Clinic (Ruiru)
Wasio,Wasio Dispensary
Webuye Health Centre,Webuye Health Centre
Webuye Hospital,Webuye Hospital
Webuye Nursing,Webuye Nursing Home
Webuye Surgical,Webuye Surgical
Weider VCT,Weider VCT
Well Living,Well Living Medical Centre
Wellness,Wellness Care Clinic
Wellnessprogram Kws Hq,Wellnessprogram Kws Hq
Wema Laboratory,Wema Centre Medical Laboratory
Wema Cfw,Wema Cfw Clinic
Wema,Wema Medical Clinic
Wema Nursing,Wema Nursing Home
Wendani,Wendani Medical Services
Wenemed,Wenemed Medical Clinic
Wentworth,Wentworth Hospital
Westlands Health,Westlands Health Centre
Westlands Medical,Westlands Medical Centre
Westons Pharmacy City Hall,Westons Pharmacy (City Hall)
Westons Pharmacy Muindi Mbingu,Westons Pharmacy (Muindi Mbingu)
Weyeta,Weyeta clinic
Wilwinns Nursing,Wilwinns Nursing Home
Women's Guild PCEA Uplands,Women's Guild (PCEA) Uplands Dispensary
Woodley,Woodley Clinic
Woodstreet Nursing,Woodstreet Nursing Home
Y2K,Y2K Clinic
Yanchem Pharmacy Mbagathi Way,Yanchem Pharmacy - Mbagathi Way
zackii,zackii medical clinic
Zimmerbreeze,Zimmerbreeze Medical Clinic
Zimmerman,Zimmerman Medical Dispensary
Zinduka,Zinduka Clinic
Zippostan,Zippostan Medical Clinic
